intent,utterance
my_cashback,How to check if I got cashback?
my_cashback,Where to see if cashback credited?
my_cashback,Can I find my cashback in transaction history?
my_cashback,What if I can't find cashback in my account?
my_cashback,How to confirm if I received cashback?
my_cashback,Where can I verify my cashback?
my_cashback,Can I ensure cashback reflected in my account?
my_cashback,How to check if cashback credited to me?
my_cashback,Where can I find cashback details?
my_cashback,What if I don't see cashback in my transactions?
qualify_cashback,How do I qualify for cashback?
qualify_cashback,What transactions are eligible for cashback?
qualify_cashback,Where can I find details about cashback eligibility?
qualify_cashback,How can I check if my transaction qualifies for cashback?
qualify_cashback,What are the requirements to get cashback?
qualify_cashback,Which purchases earn cashback?
qualify_cashback,Can you tell me how to get cashback?
qualify_cashback,Where can I learn more about the cashback program?
qualify_cashback,What do I need to do to be eligible for cashback?
qualify_cashback,Can you provide information on qualifying transactions for cashback?
cashback_program,Is there a cap on cashback amount?
cashback_program,What is the maximum cashback I can receive?
cashback_program,Can you tell me if there's a limit on cashback?
cashback_program,Is there a restriction on the cashback amount?
cashback_program,What's the highest cashback I can get?
cashback_program,Can you confirm if there's a cap on cashback?
cashback_program,Is there a maximum limit for cashback?
cashback_program,How much cashback can I earn?
cashback_program,Can you provide details on the cashback cap?
cashback_program,What's the maximum amount of cashback allowed?
eligible_debit_card,Am I eligible for a debit card?
eligible_debit_card,What are the requirements to get a debit card?
eligible_debit_card,How do I know if I can get a debit card?
eligible_debit_card,Can you tell me if I qualify for a debit card?
eligible_debit_card,What do I need to apply for a debit card?
eligible_debit_card,Am I eligible for a debit card if I'm a foreigner?
eligible_debit_card,What are the criteria for getting a debit card?
eligible_debit_card,Can you confirm if I meet the criteria for a debit card?
eligible_debit_card,How can I find out if I'm eligible for a debit card?
eligible_debit_card,What documents do I need to apply for a debit card?
eligible_credit_card,Am I eligible for a credit card?
eligible_credit_card,What are the requirements for a credit card?
eligible_credit_card,How do I know if I can get a credit card?
eligible_credit_card,Can you tell me if I qualify for a credit card?
eligible_credit_card,What do I need to apply for a credit card?
eligible_credit_card,Am I eligible for a credit card if I'm a foreigner?
eligible_credit_card,What are the criteria for getting a credit card?
eligible_credit_card,Can you confirm if I meet the criteria for a credit card?
eligible_credit_card,How can I find out if I'm eligible for a credit card?
eligible_credit_card,What documents do I need to apply for a credit card?
apply_card,What do I need to apply for a card?
apply_card,What documents are required for application?
apply_card,Can you tell me what I need to prepare?
apply_card,What are the application requirements?
apply_card,What documents do I need to provide?
apply_card,Am I missing any documents for application?
apply_card,Can you confirm the documents needed?
apply_card,How can I find out what's required for application?
apply_card,What do I need to bring to apply?
apply_card,Where can I get the list of required documents?
apply_card_duration,How long does it take to process?
apply_card_duration,Can you tell me the processing time?
apply_card_duration,How many days does it usually take?
apply_card_duration,What's the waiting period for approval?
apply_card_duration,How long before I receive a response?
apply_card_duration,Can you provide an estimate of the processing time?
apply_card_duration,When can I expect a decision?
apply_card_duration,What's the typical turnaround time?
apply_card_duration,How much time should I expect for processing?
apply_card_duration,When will I hear back about my application?
apply_card_turned dow,Why was my application rejected?
apply_card_turned dow,Can you explain why my application was denied?
apply_card_turned dow,What caused my application to be turned down?
apply_card_turned dow,Can you tell me the reason for my application being declined?
apply_card_turned dow,Why was my application unsuccessful?
apply_card_turned dow,What factors led to my application being rejected?
apply_card_turned dow,Can you provide insight into why my application wasn't approved?
apply_card_turned dow,What led to my application not being accepted?
apply_card_turned dow,Can you shed light on the reason for my application being turned down?
apply_card_turned dow,Why did my application fail?
apply_card_status,Can I check my application status?
apply_card_status,How do I view my application status?
apply_card_status,Where can I see the status of my application?
apply_card_status,Is there a way to check my application progress?
apply_card_status,How can I find out the status of my application?
apply_card_status,Can I track my application status?
apply_card_status,Where do I go to check my application status?
apply_card_status,How do I know the status of my application?
apply_card_status,Is it possible to see if my application is processed?
apply_card_status,Where can I find updates on my application status?
reward_card,What's DBS Rewards all about?
reward_card,Can you tell me about DBS Rewards?
reward_card,What exactly is DBS Rewards?
reward_card,Can you explain DBS Rewards to me?
reward_card,What are the benefits of DBS Rewards?
reward_card,How does DBS Rewards work?
reward_card,Can you give me information on DBS Rewards?
reward_card,What can I get with DBS Rewards?
reward_card,Can you elaborate on DBS Rewards?
reward_card,Can you provide details about DBS Rewards?
qualify_DBS_Points,How can I qualify for DBS Points?
qualify_DBS_Points,What's needed to earn DBS Points?
qualify_DBS_Points,Am I eligible for DBS Points?
qualify_DBS_Points,How do I get DBS Points?
qualify_DBS_Points,Can you tell me about DBS Points eligibility?
qualify_DBS_Points,What's required to be eligible for DBS Points?
qualify_DBS_Points,Do all DBS Credit Cardmembers qualify for DBS Points?
qualify_DBS_Points,What cards are not eligible for DBS Points?
qualify_DBS_Points,Which cards are excluded from DBS Points Redemption Programme?
qualify_DBS_Points,Can you clarify which cards qualify for DBS Points?
earn_points,How can I accumulate points?
earn_points,What's the method to earn points?
earn_points,Can you explain how to earn points?
earn_points,How do I get points?
earn_points,What's the process for earning points?
earn_points,How can I start earning points?
earn_points,Can you tell me about point accumulation?
earn_points,What actions result in earning points?
earn_points,How do transactions contribute to points?
earn_points,Can you clarify how points are earned?
accelerated_points,How do I earn more points quickly?
accelerated_points,Can you explain how to get accelerated points?
accelerated_points,What's the method for earning points faster?
accelerated_points,How can I accumulate points at a faster rate?
accelerated_points,Can you tell me how to earn points more quickly?
accelerated_points,What actions lead to earning points faster?
accelerated_points,How do I maximize my points accumulation?
accelerated_points,Can you provide details on earning accelerated points?
accelerated_points,What are the ways to earn points at a higher rate?
accelerated_points,Can you clarify how to earn points faster?
do_not_earn_points,Which transactions don't earn points?
do_not_earn_points,Are there any payments that won't get me points?
do_not_earn_points,Can you tell me which transactions won't earn points?
do_not_earn_points,What types of transactions are excluded from earning points?
do_not_earn_points,Are there any payments that won't count towards points?
do_not_earn_points,Can you clarify which transactions won't accrue points?
do_not_earn_points,Which payments won't contribute to earning points?
do_not_earn_points,Can you explain which transactions won't be rewarded with points?
do_not_earn_points,What kinds of transactions are ineligible for points?
do_not_earn_points,Are there any exclusions for earning points on transactions?
DBS_point_usage,What can I use my DBS points for?
DBS_point_usage,Can you tell me what I can do with my DBS points?
DBS_point_usage,What are the options for redeeming my DBS points?
DBS_point_usage,How can I utilize my DBS points?
DBS_point_usage,What rewards can I get with my DBS points?
DBS_point_usage,Can you explain what I can exchange my DBS points for?
DBS_point_usage,What can I get in exchange for my DBS points?
DBS_point_usage,What are the benefits of my DBS points?
DBS_point_usage,How do I redeem my DBS points?
DBS_point_usage,What's available for me to do with my DBS points?
cardmembers_earn_points,Do Supplementary Cardholders earn points?
cardmembers_earn_points,Can Supplementary Cardmembers accumulate points?
cardmembers_earn_points,Can you tell me if Supplementary Cardholders get points?
cardmembers_earn_points,Do points accrue for Supplementary Cardmembers?
cardmembers_earn_points,Are points earned by Supplementary Cardholders?
cardmembers_earn_points,How do Supplementary Cardmembers earn points?
cardmembers_earn_points,Can Supplementary Cardholders redeem points?
cardmembers_earn_points,Do points go to the Principal Cardmember's account?
cardmembers_earn_points,Can Supplementary Cardholders use Rewards Vouchers?
cardmembers_earn_points,Are Supplementary Cardmembers eligible for rewards?
redeem_point,How can I find out my points balance and redeem them?
redeem_point,Where do I check my points balance and redeem them?
redeem_point,What's the process for checking my points and redeeming them?
redeem_point,Can you tell me how to see my points and redeem them?
redeem_point,How do I know how many points I have and how to use them?
redeem_point,Where can I see my points balance and redeem them?
redeem_point,What's the procedure for checking my points and making a redemption?
redeem_point,How do I check my available points and redeem them?
redeem_point,Where do I go to view my points and redeem them?
redeem_point,How can I check my points and make a redemption?
receive_card,When can I expect to receive my voucher(s)?
receive_card,How long does it take to get my voucher(s)?
receive_card,When will my voucher(s) be delivered?
receive_card,Can you tell me when I'll receive my voucher(s)?
receive_card,How many days does it take to process and deliver my voucher(s)?
receive_card,What's the timeline for receiving my voucher(s)?
receive_card,When can I anticipate getting my voucher(s)?
receive_card,How much time will it take to process and deliver my voucher(s)?
receive_card,When will I get my voucher(s) after redemption?
receive_card,How soon can I expect my voucher(s) to arrive?
exchange_vouchers,Can I swap vouchers or extend the expiry date?
exchange_vouchers,Is it possible to exchange vouchers or prolong the expiry date?
exchange_vouchers,Can I change vouchers or extend their validity?
exchange_vouchers,Am I allowed to exchange vouchers or extend their expiry?
exchange_vouchers,Can I exchange vouchers or push back the expiry date?
exchange_vouchers,Is there an option to swap vouchers or prolong their validity?
exchange_vouchers,Can I trade vouchers or extend their expiry?
exchange_vouchers,Am I able to exchange vouchers or extend their expiry?
exchange_vouchers,Can I switch vouchers or delay their expiry?
exchange_vouchers,Is there a way to exchange vouchers or extend their validity?
DBS_poinnt_pay_for_annual_fee,Can I use my DBS Points to pay my Credit Card's annual fee?
DBS_poinnt_pay_for_annual_fee,Is it possible to use my DBS Points for my Credit Card's annual fee?
DBS_poinnt_pay_for_annual_fee,Can I redeem my DBS Points to cover my Credit Card's annual fee?
DBS_poinnt_pay_for_annual_fee,How do I use my DBS Points to pay my Credit Card's annual fee?
DBS_poinnt_pay_for_annual_fee,Is there a way to use my DBS Points to waive my Credit Card's annual fee?
DBS_poinnt_pay_for_annual_fee,Can DBS Points be utilized to pay off my Credit Card's annual fee?
DBS_poinnt_pay_for_annual_fee,Can I redeem my DBS Points to avoid paying my Credit Card's annual fee?
DBS_poinnt_pay_for_annual_fee,How can I redeem my DBS Points for my Credit Card's annual fee?
DBS_poinnt_pay_for_annual_fee,Is there an option to use my DBS Points to offset my Credit Card's annual fee?
DBS_poinnt_pay_for_annual_fee,Can I apply my DBS Points towards my Credit Card's annual fee?
convert_DBS_point,How do I convert DBS Points to air miles?
convert_DBS_point,What's the process for converting DBS Points to air miles?
convert_DBS_point,Can you tell me how to change DBS Points to air miles?
convert_DBS_point,How can I exchange my DBS Points for air miles?
convert_DBS_point,Is there a way to convert DBS Points into air miles?
convert_DBS_point,How do I redeem DBS Points for air miles?
convert_DBS_point,What's the method to convert DBS Points to air miles?
convert_DBS_point,Can you explain how to turn DBS Points into air miles?
convert_DBS_point,Where can I find the option to convert DBS Points to air miles?
convert_DBS_point,How long does it take to convert DBS Points to air miles?
DBS_Online_Rewards,What is DBS Online Rewards about?
DBS_Online_Rewards,Can you explain DBS Online Rewards?
DBS_Online_Rewards,What's the deal with DBS Online Rewards?
DBS_Online_Rewards,Can you tell me about DBS Online Rewards?
DBS_Online_Rewards,What's DBS Online Rewards all about?
DBS_Online_Rewards,Can you clarify DBS Online Rewards for me?
DBS_Online_Rewards,How does DBS Online Rewards work?
DBS_Online_Rewards,Can you give me details on DBS Online Rewards?
DBS_Online_Rewards,Where can I find DBS Online Rewards?
DBS_Online_Rewards,What's available on DBS Online Rewards?
login_redeem,How do I log in to redeem?
login_redeem,What's the login process for redemption?
login_redeem,Can you tell me how to access redemption?
login_redeem,How do I sign in to redeem my rewards?
login_redeem,What's the procedure for logging in to redeem?
login_redeem,Can you explain how to login for redemption?
login_redeem,How do I access redemption after logging in?
login_redeem,What's the method to log in for redemption?
login_redeem,How can I redeem after logging in?
login_redeem,What's the login method for redemption?
redeem_point,Can I redeem my points online if I'm not an existing DBS iBanking customer?
redeem_point,What if I'm not already registered with DBS iBanking; can I still redeem my points online?
redeem_point,I'm not currently using DBS iBanking; can I redeem my points online?
redeem_point,Can I still access online redemption if I'm not already using DBS iBanking?
redeem_point,"If I don't have a DBS iBanking account, can I still redeem my points online?"
redeem_point,What's the process for redemption online if I'm not an existing DBS iBanking customer?
redeem_point,"If I'm not registered with DBS iBanking, can I still redeem my points online?"
redeem_point,Can I sign up for online redemption without being an existing DBS iBanking user?
redeem_point,What should I do if I'm not already using DBS iBanking but want to redeem my points online?
redeem_point,Is it possible to redeem points online without an existing DBS iBanking account?
access_online_rewards_website,Can I access the DBS Online Rewards website if I'm not a DBS Cardmember?
access_online_rewards_website,"If I don't have a DBS credit card, can I still use the DBS Online Rewards website?"
access_online_rewards_website,Am I allowed to visit the DBS Online Rewards website without being a DBS Cardmember?
access_online_rewards_website,Can I browse the DBS Online Rewards website without having a DBS credit card?
access_online_rewards_website,What if I'm not a DBS Cardmember; can I still check out the DBS Online Rewards website?
access_online_rewards_website,Is it possible to view the DBS Online Rewards website if I'm not a DBS Cardmember?
access_online_rewards_website,Am I eligible to access the DBS Online Rewards website if I don't have a DBS credit card?
access_online_rewards_website,Can I visit the DBS Online Rewards website even if I'm not a DBS Cardmember?
access_online_rewards_website,Is it okay for me to browse the DBS Online Rewards website without having a DBS credit card?
access_online_rewards_website,What should I do if I'm not a DBS Cardmember but want to access the DBS Online Rewards website?
redeem_online_rewards_website,How do I redeem DBS Points if I have more than one DBS Credit Card?
redeem_online_rewards_website,"If I own multiple DBS Credit Cards, how can I redeem my DBS Points on this rewards site?"
redeem_online_rewards_website,What's the process for redeeming DBS Points if I have multiple DBS Credit Cards?
redeem_online_rewards_website,Can I still redeem DBS Points if I have more than one DBS Credit Card?
redeem_online_rewards_website,How do I access redemption if I have multiple DBS Credit Cards?
redeem_online_rewards_website,"If I possess more than one DBS Credit Card, how can I redeem my DBS Points?"
redeem_online_rewards_website,What should I do if I have more than one DBS Credit Card and want to redeem my DBS Points?
redeem_online_rewards_website,Can I consolidate my DBS Points from multiple DBS Credit Cards for redemption?
redeem_online_rewards_website,How do I redeem DBS Points from all my DBS Credit Cards on this rewards site?
redeem_online_rewards_website,Is it possible to redeem DBS Points from multiple DBS Credit Cards at once?
change_billing_address,How do I change the billing address in my account?
change_billing_address,Can I update my billing address on this site?
change_billing_address,Is it possible to modify the billing address displayed in my account?
change_billing_address,How can I change the billing address shown in my account?
change_billing_address,Can I alter my billing address here?
change_billing_address,Is there a way to change my billing address through this site?
change_billing_address,What should I do to update my billing address?
change_billing_address,Can I edit the billing address on this website?
change_billing_address,How do I update my billing address?
change_billing_address,Is it allowed to change the billing address on this platform?
credit_card_redeemption,Are all my DBS Credit Cards valid for redemption here?
credit_card_redeemption,Can I redeem points from all my DBS Credit Cards on this site?
credit_card_redeemption,Are all my DBS Credit Cards eligible for redemption?
credit_card_redeemption,Which DBS Credit Cards can I redeem points from on this website?
credit_card_redeemption,Are there any DBS Credit Cards ineligible for redemption here?
credit_card_redeemption,Can I use all my DBS Credit Cards for redemption?
credit_card_redeemption,Which DBS Credit Cards qualify for redemption on this site?
credit_card_redeemption,Are there any DBS Credit Cards excluded from redemption?
credit_card_redeemption,Can I redeem points from any DBS Credit Card here?
credit_card_redeemption,Which DBS Credit Cards are not eligible for redemption on this website?
vide_DBS_point,How do I check my DBS Points and expiry date?
vide_DBS_point,Where can I view my DBS Points and their expiry dates?
vide_DBS_point,How can I see my DBS Points and when they expire?
vide_DBS_point,Is there a way to check my DBS Points and expiry date?
vide_DBS_point,How do I find out my DBS Points and when they expire?
vide_DBS_point,Can you show me my DBS Points and their expiry dates?
vide_DBS_point,Where do I go to see my DBS Points and expiry date?
vide_DBS_point,How can I check my DBS Points and when they'll expire?
vide_DBS_point,What's the process for viewing my DBS Points and their expiry dates?
vide_DBS_point,How do I access my DBS Points and find out when they expire?
search_rewards,How can I look for rewards?
search_rewards,What's the process for searching rewards?
search_rewards,How do I find specific rewards?
search_rewards,Can you guide me on searching for rewards?
search_rewards,How do I search for rewards on this site?
search_rewards,Where's the search option for rewards?
search_rewards,Can you help me find rewards?
search_rewards,What's the best way to find rewards?
search_rewards,How can I search for rewards efficiently?
search_rewards,Where can I search for rewards?
redeem_for_items,How do I go about redeeming items?
redeem_for_items,What's the process for redeeming items?
redeem_for_items,Can you guide me on redeeming items?
redeem_for_items,How do I redeem items from the rewards site?
redeem_for_items,What's the procedure for redeeming items?
redeem_for_items,How can I redeem items?
redeem_for_items,What's the step-by-step process for redeeming items?
redeem_for_items,How do I add items to my cart for redemption?
redeem_for_items,Can you explain how to redeem items?
redeem_for_items,What's the method to redeem items on the site?
delete_shopping_cart,How do I remove something from my cart?
delete_shopping_cart,Can you help me delete an item from my cart?
delete_shopping_cart,What's the process to delete an item from the shopping cart?
delete_shopping_cart,How can I remove an item from my shopping cart?
delete_shopping_cart,What do I do if I want to delete something from my cart?
delete_shopping_cart,Can you guide me on deleting an item from my cart?
delete_shopping_cart,How do I take something out of my cart?
delete_shopping_cart,What's the method to remove an item from the shopping cart?
delete_shopping_cart,Can you explain how to delete an item from the cart?
delete_shopping_cart,What's the step-by-step process for removing items from the cart?
take_to_redeem,How long after spending on my card can I redeem points?
take_to_redeem,When will my credit card points be available for redemption?
take_to_redeem,How soon can I redeem points after using my credit card?
take_to_redeem,What's the waiting time to redeem points after making a credit card transaction?
take_to_redeem,When can I expect my credit card points to be updated for redemption?
take_to_redeem,How much time does it take for credit card points to reflect for redemption?
take_to_redeem,"After swiping my card, when can I start redeeming points?"
take_to_redeem,What's the timeframe for redeeming points after using my credit card?
take_to_redeem,Can you tell me when I can redeem points after using my credit card?
take_to_redeem,How long does it usually take for credit card transactions to be eligible for point redemption?
paymant_method,What are the payment methods available?
paymant_method,Can you list the payment options I have?
paymant_method,How can I pay for my transactions?
paymant_method,What are the available payment methods?
paymant_method,Tell me about the payment options.
paymant_method,What payment methods do you accept?
paymant_method,Which methods can I use to make payments?
paymant_method,Can you explain the payment methods?
paymant_method,How can I settle my transactions?
paymant_method,What are my options for making payments?
interest_free,How long is the interest-free period for purchases?
interest_free,When is the interest-free period for my purchases?
interest_free,Can you tell me about the interest-free days?
interest_free,How many days do I have without interest on purchases?
interest_free,What's the grace period for interest-free purchases?
interest_free,How long do I have to pay without incurring interest?
interest_free,Tell me about the interest-free period on my purchases.
interest_free,When does the interest-free period end?
interest_free,How much time do I have before interest charges apply?
interest_free,Can you explain the interest-free days on purchases?
credit_card_fees,What happens if I don't pay on time?
credit_card_fees,Are there charges for late payment?
credit_card_fees,Can you explain the fees for non-payment?
credit_card_fees,Will I be charged if I miss a payment?
credit_card_fees,What are the consequences of not paying?
credit_card_fees,Can you tell me about the penalties for late payment?
credit_card_fees,What fees apply if I don't pay my credit card bill?
credit_card_fees,Are there any charges for not making full payment?
credit_card_fees,Can you explain the finance charges for late payment?
credit_card_fees,What happens if I only make a partial payment?
interest_adjustment,When does the bank adjust interest rates?
interest_adjustment,Can you explain when interest adjustments happen?
interest_adjustment,When will the interest rate change?
interest_adjustment,Can you clarify when the interest rate increases?
interest_adjustment,What triggers the adjustment of interest rates?
interest_adjustment,When does the increased interest rate apply?
interest_adjustment,Can you tell me about the timing of interest adjustments?
interest_adjustment,When will the new interest rate be applied?
interest_adjustment,How soon will the interest rate change take effect?
interest_adjustment,Can you explain the process of interest rate adjustments?
additional_interest_rate,How can I find out when the extra interest rate kicks in?
additional_interest_rate,When will I see the additional interest rate on my statement?
additional_interest_rate,How do I know if the higher interest rate is applied?
additional_interest_rate,When will the new interest rate show up on my Credit Card statement?
additional_interest_rate,Can you tell me when the additional interest rate will be added?
additional_interest_rate,How do I check for the increased interest rate on my statement?
additional_interest_rate,When can I expect to see the change in interest rate?
additional_interest_rate,How do I know if the interest rate adjustment has occurred?
additional_interest_rate,Can you clarify when the extra interest rate will take effect?
additional_interest_rate,When will I see the adjustment to my interest rate on my statement?
miss_payment,What if I miss my payment again?
miss_payment,What happens if I don't make my payment on time again?
miss_payment,"If I miss my payment again, what are the consequences?"
miss_payment,What will happen if I fail to make my payment again?
miss_payment,Can you explain what happens if I miss my payment again?
miss_payment,What are the repercussions if I miss my payment again?
miss_payment,What will be the outcome if I don't pay on time again?
miss_payment,"If I miss my payment again, will the interest rate change?"
miss_payment,Can you clarify what happens if I miss my payment again?
miss_payment,What will occur if I fail to make my payment again?
avoid_interest_fees,How can I avoid paying interest and fees?
avoid_interest_fees,What do I need to do to prevent paying interest and fees?
avoid_interest_fees,How do I ensure I don't get charged extra fees?
avoid_interest_fees,What's the best way to avoid interest and fees?
avoid_interest_fees,Can you tell me how to escape paying extra charges?
avoid_interest_fees,What should I do to dodge interest and fees?
avoid_interest_fees,How can I prevent getting charged additional fees?
avoid_interest_fees,What steps can I take to avoid paying extra money?
avoid_interest_fees,Can you advise me on avoiding interest and fees?
avoid_interest_fees,What actions should I take to steer clear of extra charges?
check_full_detial,How can I check the full details of a charge on my statement?
check_full_detial,What's the process to get the full details of a charge on my statement?
check_full_detial,Can you help me with accessing the full details of a charge on my statement?
check_full_detial,How do I find out more about a specific charge on my statement?
check_full_detial,Can you assist me in checking the details of a charge on my statement?
check_full_detial,What should I do to view the complete details of a charge on my statement?
check_full_detial,Can you guide me on checking the details of a specific charge on my statement?
check_full_detial,How can I get more information about a charge on my statement?
check_full_detial,What steps should I take to access the full details of a charge on my statement?
check_full_detial,What's the procedure for obtaining the full details of a charge on my statement?
charge_disputes,"If I'm sure I didn't make a transaction on my statement, what should I do?"
charge_disputes,How can I dispute a transaction if I'm sure I didn't make it?
charge_disputes,What's the process for disputing a transaction that I didn't make?
charge_disputes,Can you help me with disputing a transaction on my statement?
charge_disputes,What should I do if there's a transaction on my statement that I didn't make?
charge_disputes,How do I report a transaction that I didn't authorize?
charge_disputes,Can you guide me on disputing a transaction for the wrong amount?
charge_disputes,What steps should I take if there's a discrepancy in a transaction on my statement?
charge_disputes,What's the procedure for disputing a transaction on my statement?
charge_disputes,How can I register a dispute for a transaction on my statement?
cancel_card_dueto_stolen,How do I cancel my card if it's lost or stolen?
cancel_card_dueto_stolen,What should I do if my card goes missing?
cancel_card_dueto_stolen,Can you guide me on canceling my card if it's lost or stolen?
cancel_card_dueto_stolen,"My card is lost, what steps should I take to cancel it?"
cancel_card_dueto_stolen,What's the procedure for reporting a lost or stolen card?
cancel_card_dueto_stolen,How can I block my lost or stolen card?
cancel_card_dueto_stolen,What's the process for replacing a lost or stolen card?
cancel_card_dueto_stolen,"I need to cancel my card ASAP, what should I do?"
cancel_card_dueto_stolen,Can you help me with canceling my card that's been lost?
cancel_card_dueto_stolen,What should I do if I can't find my card?
cancel_card,How do I cancel my card if I no longer want it?
cancel_card,"I want to cancel my card, what should I do?"
cancel_card,Can you guide me on canceling my debit or credit card?
cancel_card,What's the process for canceling my card?
cancel_card,"I don't want my card anymore, how can I cancel it?"
cancel_card,What should I do if I want to stop using my card?
cancel_card,Can you help me with canceling my card?
cancel_card,What's the procedure for canceling a card I don't want?
cancel_card,How can I terminate my card?
cancel_card,"I need to cancel my card, what steps should I take?"
replace_cards,How can I get a replacement for my damaged card?
replace_cards,"I need a new card because mine got damaged, what should I do?"
replace_cards,"My card got damaged, what's the process for getting a replacement?"
replace_cards,Can you guide me on how to replace my damaged card?
replace_cards,What should I do if my card is damaged and I need a new one?
replace_cards,"I damaged my card, how can I get a replacement?"
replace_cards,How do I request a replacement card for my damaged one?
replace_cards,Can you help me with getting a new card for my damaged one?
replace_cards,What's the procedure for replacing a damaged card?
replace_cards,"I need to replace my damaged card, what steps should I take?"
card_change_pin,"I forgot my ATM/Debit/Credit Card PIN, what should I do?"
card_change_pin,Can I request a new PIN if I forgot my ATM/Debit/Credit Card PIN?
card_change_pin,How do I reset my ATM/Debit/Credit Card PIN if I forgot it?
card_change_pin,"I can't remember my ATM/Debit/Credit Card PIN, how can I get a new one?"
card_change_pin,What's the process for resetting my ATM/Debit/Credit Card PIN if I forgot it?
card_change_pin,Can you help me reset my ATM/Debit/Credit Card PIN?
card_change_pin,"I've forgotten my ATM/Debit/Credit Card PIN, how do I get a new one?"
card_change_pin,How can I reset my ATM/Debit/Credit Card PIN if I've forgotten it?
card_change_pin,What should I do if I can't recall my ATM/Debit/Credit Card PIN?
card_change_pin,Can I request a new PIN for my ATM/Debit/Credit Card if I forgot it?
change_card,"Sure, can I switch to a different card?"
change_card,"I'm considering changing to a different card, is that possible?"
change_card,Can I swap my current card for a different one?
change_card,How do I change to a different card?
change_card,Is it possible to switch to a different card?
change_card,"I want to change my card, what's the process?"
change_card,Can I get a different card instead?
change_card,"Thinking of changing my card, what should I do?"
change_card,Can I switch to another card?
change_card,What's the procedure for changing to a different card?
cash_advance_cost,How much do I get charged for a Cash Advance?
cash_advance_cost,What's the cost of taking out cash from my credit card?
cash_advance_cost,Can you tell me the fees for Cash Advances?
cash_advance_cost,How much will I be charged for getting cash using my credit card?
cash_advance_cost,What's the fee for Cash Advance transactions?
cash_advance_cost,Can you explain the charges for Cash Advances?
cash_advance_cost,How much does it cost to withdraw cash using my credit card?
cash_advance_cost,What's the fee structure for Cash Advances?
cash_advance_cost,Can you break down the charges for Cash Advance transactions?
cash_advance_cost,How are Cash Advance fees calculated?
balance_transfer,How does Balance Transfer work?
balance_transfer,Can you explain how to apply for Balance Transfer?
balance_transfer,What's the process for Balance Transfer?
balance_transfer,Can you tell me about the benefits of Balance Transfer?
balance_transfer,How do I consolidate my outstanding balances with Balance Transfer?
balance_transfer,What are the interest rates for Balance Transfer?
balance_transfer,Can you provide more details on Balance Transfer?
balance_transfer,How can I apply for Balance Transfer?
balance_transfer,What are the steps to apply for Balance Transfer?
balance_transfer,Where can I find more information about Balance Transfer?
EVM_Chip_Card,What does EMV stand for?
EVM_Chip_Card,Can you explain what EMV is?
EVM_Chip_Card,What's the purpose of EMV?
EVM_Chip_Card,Can you tell me about EMV security?
EVM_Chip_Card,What are the benefits of EMV?
EVM_Chip_Card,How does EMV protect my card?
EVM_Chip_Card,Can you elaborate on EMV Smart Chip?
EVM_Chip_Card,What does EMV do for card security?
EVM_Chip_Card,Why is EMV important for card transactions?
EVM_Chip_Card,Can you provide more details about EMV technology?
EMV_Chip_Card_secrity,How does my EMV Chip Card protect against fraud?
EMV_Chip_Card_secrity,Can you explain the security features of my EMV Chip Card?
EMV_Chip_Card_secrity,What makes EMV Chip Cards more secure?
EMV_Chip_Card_secrity,How does the microprocessor chip enhance security?
EMV_Chip_Card_secrity,Can you tell me about the encryption on EMV Chip Cards?
EMV_Chip_Card_secrity,What is the difference between EMV Chip Cards and magnetic stripe cards in terms of security?
EMV_Chip_Card_secrity,How does the cryptographic encryption work on EMV Chip Cards?
EMV_Chip_Card_secrity,Can you elaborate on how EMV Chip Cards prevent replication of card contents?
EMV_Chip_Card_secrity,Why are EMV Chip Cards considered more secure?
EMV_Chip_Card_secrity,Can you compare the security of EMV Chip Cards to magnetic stripe cards?
EMV_Chip_Card_OverSeas_use,Can I use my EMV Chip Card abroad?
EMV_Chip_Card_OverSeas_use,Is my EMV Chip Card accepted overseas?
EMV_Chip_Card_OverSeas_use,Can I use my EMV Chip Card outside of Singapore?
EMV_Chip_Card_OverSeas_use,Is it possible to use my EMV Chip Card when traveling?
EMV_Chip_Card_OverSeas_use,Can I use my EMV Chip Card in other countries?
EMV_Chip_Card_OverSeas_use,Can I swipe my EMV Chip Card overseas?
EMV_Chip_Card_OverSeas_use,Is my EMV Chip Card usable internationally?
EMV_Chip_Card_OverSeas_use,Can I make purchases with my EMV Chip Card while traveling?
EMV_Chip_Card_OverSeas_use,Can I use my EMV Chip Card in countries without EMV technology?
EMV_Chip_Card_OverSeas_use,Can my EMV Chip Card be used abroad?
EVM_Chip_Card_repalce,Will my other DBS credit cards be replaced with EMV Chip Cards too?
EVM_Chip_Card_repalce,Are my supplementary cards getting EMV Chip Cards as well?
EVM_Chip_Card_repalce,Will DBS replace all my credit cards with EMV Chip Cards?
EVM_Chip_Card_repalce,Are my main and supplementary DBS credit cards getting EMV Chips?
EVM_Chip_Card_repalce,Do I need to request EMV Chip Cards for all my DBS credit cards?
EVM_Chip_Card_repalce,Are all DBS credit cardholders receiving EMV Chip Cards?
EVM_Chip_Card_repalce,Will DBS issue EMV Chip Cards for all its credit cards?
EVM_Chip_Card_repalce,Are EMV Chip Cards being sent to all DBS credit card users?
EVM_Chip_Card_repalce,Are my DBS credit cards being upgraded to EMV Chip technology?
EVM_Chip_Card_repalce,Are all DBS credit cardholders getting EMV Chip replacements?
EVM_Chip_Card_current_PIN,Will my PIN change with the new EMV Chip Card?
EVM_Chip_Card_current_PIN,Does my current PIN stay the same with the EMV Chip Card?
EVM_Chip_Card_current_PIN,Will I need a new PIN for the EMV Chip Card?
EVM_Chip_Card_current_PIN,Is my current PIN still valid with the EMV Chip Card?
EVM_Chip_Card_current_PIN,Do I need to update my PIN with the new EMV Chip Card?
EVM_Chip_Card_current_PIN,What happens to my PIN with the EMV Chip Card?
EVM_Chip_Card_current_PIN,Will my PIN remain the same with the EMV Chip Card?
EVM_Chip_Card_current_PIN,Does my old PIN work with the new EMV Chip Card?
EVM_Chip_Card_current_PIN,Is my existing PIN for my new EMV Chip Card?
EVM_Chip_Card_current_PIN,Does my PIN carry over to the EMV Chip Card?
EMV_Chip_Card_Usage,Can I make online purchases with the EMV Chip Card?
EMV_Chip_Card_Usage,Can I use the EMV Chip Card for online transactions?
EMV_Chip_Card_Usage,Does the EMV Chip Card work for online purchases?
EMV_Chip_Card_Usage,Can I perform cash advances with the EMV Chip Card?
EMV_Chip_Card_Usage,Is the EMV Chip Card usable for cash withdrawals at ATMs?
EMV_Chip_Card_Usage,Can I withdraw cash at ATMs using the EMV Chip Card?
EMV_Chip_Card_Usage,Does the EMV Chip Card allow cash withdrawals?
EMV_Chip_Card_Usage,Can I use the EMV Chip Card for ATM transactions?
EMV_Chip_Card_Usage,Is online shopping possible with the EMV Chip Card?
EMV_Chip_Card_Usage,Can I conduct online transactions with the EMV Chip Card?
EMV_Chip_Card_GIRO,Will my GIRO arrangement change with the new card?
EMV_Chip_Card_GIRO,What about my installment payment plan?
EMV_Chip_Card_GIRO,Do I need to update my recurring payments?
EMV_Chip_Card_GIRO,Will my recurring payments be affected?
EMV_Chip_Card_GIRO,Do I need to reapply for GIRO with the new card?
EMV_Chip_Card_GIRO,What happens to my GIRO arrangements?
EMV_Chip_Card_GIRO,Will my installment plan remain the same?
EMV_Chip_Card_GIRO,Do I need to update my recurring payments with the new card?
EMV_Chip_Card_GIRO,How will my recurring payments be impacted?
EMV_Chip_Card_GIRO,Will my current GIRO setup continue with the new card?
DBS_reward_point,Will my DBS Reward Points expire?
DBS_reward_point,What will happen to my existing DBS Reward Points?
DBS_reward_point,Do I lose my DBS Reward Points with the new card?
DBS_reward_point,What about my DBS Reward Dollars?
DBS_reward_point,Will I lose my DBS Reward Dollars?
DBS_reward_point,Can I still use my existing DBS Reward Points?
DBS_reward_point,What happens to my DBS Reward Points balance?
DBS_reward_point,Do I need to transfer my DBS Reward Points?
DBS_reward_point,Will my DBS Reward Points be affected?
DBS_reward_point,What should I do with my DBS Reward Points?
EMV_Chip_Card_Point_expiry,Will my online purchases be affected by the new expiry date?
EMV_Chip_Card_Point_expiry,Do I need to inform my online merchants about the new expiry date?
EMV_Chip_Card_Point_expiry,Will changing the expiry date affect my online transactions?
EMV_Chip_Card_Point_expiry,What should I do about my online subscriptions with the new expiry date?
EMV_Chip_Card_Point_expiry,Do I have to update my card details with online retailers?
EMV_Chip_Card_Point_expiry,Will my recurring online payments be impacted by the new expiry date?
EMV_Chip_Card_Point_expiry,How do I ensure my online transactions continue smoothly with the new expiry date?
EMV_Chip_Card_Point_expiry,Should I notify all my online vendors about the new expiry date?
EMV_Chip_Card_Point_expiry,Will changing the card's expiry date disrupt my online shopping?
EMV_Chip_Card_Point_expiry,Do I need to update my card details on all online platforms?
EMV_Chip_Card_misplace,"If I've misplaced my EMV Chip Card, what should I do?"
EMV_Chip_Card_misplace,How can I block my lost EMV Chip Card?
EMV_Chip_Card_misplace,What's the process to replace a lost EMV Chip Card?
EMV_Chip_Card_misplace,"My EMV Chip Card is missing, what steps should I take?"
EMV_Chip_Card_misplace,What's the procedure if I can't find my EMV Chip Card?
EMV_Chip_Card_misplace,How do I report a misplaced EMV Chip Card?
EMV_Chip_Card_misplace,What actions should I take if my EMV Chip Card is lost?
EMV_Chip_Card_misplace,Where can I go to block and replace my misplaced EMV Chip Card?
EMV_Chip_Card_misplace,Can you guide me on blocking and replacing my lost EMV Chip Card?
EMV_Chip_Card_misplace,What's the quickest way to replace a misplaced EMV Chip Card?
active_card_before_use,Why is card activation necessary before using it?
active_card_before_use,What's the reason behind activating my new card?
active_card_before_use,Can you explain why I need to activate my new DBS/POSB Card?
active_card_before_use,What's the purpose of activating my new card before using it?
active_card_before_use,Can you clarify why card activation is required?
active_card_before_use,Why do I have to activate my new DBS/POSB Card?
active_card_before_use,What's the significance of activating my new card?
active_card_before_use,Can you tell me why activation of the new card is important?
active_card_before_use,What's the rationale behind activating my new DBS/POSB Card?
active_card_before_use,Why is it necessary to activate my new card before making transactions?
card_need_to_activate,Which cards do I need to activate?
card_need_to_activate,Which types of cards require activation?
card_need_to_activate,Do all DBS/POSB Cards need activation?
card_need_to_activate,Which DBS/POSB Cards need to be activated?
card_need_to_activate,Do both primary and supplementary cards need activation?
card_need_to_activate,Are replacement cards included in the activation process?
card_need_to_activate,"Which cards, specifically, need activation?"
card_need_to_activate,Can you clarify which types of cards require activation?
card_need_to_activate,Do DBS Commercial Cards also need activation?
card_need_to_activate,Are there any exceptions to card activation?
card_activate,Where can I activate my DBS/POSB Card?
card_activate,What are the activation options for my new card?
card_activate,Where do I go to activate my new card?
card_activate,Can you tell me where to activate my DBS/POSB Card?
card_activate,What are the activation methods for my new card?
card_activate,Where can I find the activation options for my card?
card_activate,Can I activate my card online?
card_activate,How do I activate my DBS/POSB Card?
card_activate,Where on the website can I activate my card?
card_activate,Is there a specific webpage for card activation?
kid_account_active,How do I activate both my POSB Baby Bonus NETS card and POSBkids Account together?
kid_account_active,Can I activate my POSB Baby Bonus NETS card and POSBkids Account simultaneously?
kid_account_active,What's the process to activate my POSB Baby Bonus NETS card and POSBkids Account at once?
kid_account_active,Is there a way to activate both my POSB Baby Bonus NETS card and POSBkids Account in one step?
kid_account_active,How can I activate my POSB Baby Bonus NETS card and POSBkids Account together quickly?
kid_account_active,Can you help me with activating both my POSB Baby Bonus NETS card and POSBkids Account?
kid_account_active,Is there a single step to activate my POSB Baby Bonus NETS card and POSBkids Account?
kid_account_active,How can I activate my POSB Baby Bonus NETS card and POSBkids Account via SMS?
kid_account_active,What's the quickest way to activate my POSB Baby Bonus NETS card and POSBkids Account?
kid_account_active,Can I activate my POSB Baby Bonus NETS card and POSBkids Account with one SMS?
card_after_activate,How soon can I start using my card after activating it?
card_after_activate,Is my card usable immediately after activation?
card_after_activate,What's the waiting time after activating my card before I can use it?
card_after_activate,Can I make purchases right away after activating my card?
card_after_activate,How long do I have to wait to use my card after activation?
card_after_activate,Is there a delay between activating my card and being able to use it?
card_after_activate,When will my card be ready for use after activation?
card_after_activate,Can I use my card immediately after completing the activation process?
card_after_activate,How quickly can I access funds on my card after activation?
card_after_activate,What's the activation timeframe for using my card?
need__activate_card_immediately,Should I activate my DBS/POSB Card right away?
need__activate_card_immediately,Is immediate activation necessary for my DBS/POSB Card?
need__activate_card_immediately,Do I need to activate my DBS/POSB Card upon receiving it?
need__activate_card_immediately,Is it important to activate my DBS/POSB Card immediately?
need__activate_card_immediately,Should I wait before activating my DBS/POSB Card?
need__activate_card_immediately,Do I have to activate my DBS/POSB Card as soon as possible?
need__activate_card_immediately,Is there a specific timeframe for activating my DBS/POSB Card?
need__activate_card_immediately,What are the benefits of activating my DBS/POSB Card promptly?
need__activate_card_immediately,Can I delay activating my DBS/POSB Card?
need__activate_card_immediately,What happens if I don't activate my DBS/POSB Card right after receiving it?
waiting_replacement_card,Can I keep using my current Card while waiting for a replacement with the same number?
waiting_replacement_card,Do I need to stop using my current Card if I'm getting a replacement with the same number?
waiting_replacement_card,Is it okay to use my existing Card if I'm waiting for a replacement with the same number?
waiting_replacement_card,Should I pause using my current Card while waiting for the replacement?
waiting_replacement_card,Can I continue transactions with my current Card if I'm awaiting a replacement with the same number?
waiting_replacement_card,Do I have to wait for the replacement Card to arrive before using it?
waiting_replacement_card,Should I activate the replacement Card immediately upon receiving it?
waiting_replacement_card,Is there any interruption in my card usage while waiting for the replacement with the same number?
waiting_replacement_card,What should I do with my current Card if I'm getting a replacement with the same number?
waiting_replacement_card,Can I still make purchases with my current Card if I'm getting a replacement with the same number?
supplementary_card_activate,Do I need to activate a supplementary Card before using it?
supplementary_card_activate,Is activation required for supplementary Cards as well?
supplementary_card_activate,Should the supplementary Cardholder activate the supplementary Card?
supplementary_card_activate,Do supplementary Cards come pre-activated or do I need to activate them?
supplementary_card_activate,Is there a separate activation process for supplementary Cards?
supplementary_card_activate,Can I start using a supplementary Card without activation?
supplementary_card_activate,What steps do I need to take to activate a supplementary Card?
supplementary_card_activate,Is activation necessary for both primary and supplementary Cards?
supplementary_card_activate,"Is activation mandatory for all Cards, including supplementary ones?"
supplementary_card_activate,How do I activate a supplementary Card?
oversea_credit_activate,How do I activate my Credit Card while I'm abroad?
oversea_credit_activate,Can I activate my Credit Card from overseas?
oversea_credit_activate,What options do I have to activate my Credit Card if I'm currently outside Singapore?
oversea_credit_activate,Is there a way to activate my Credit Card internationally?
oversea_credit_activate,How can I activate my Credit Card if I'm not in Singapore?
oversea_credit_activate,Can I use iBanking to activate my Credit Card while overseas?
oversea_credit_activate,Is there a hotline I can call to activate my Credit Card from abroad?
oversea_credit_activate,What's the process for activating my Credit Card if I'm overseas?
oversea_credit_activate,Can I activate my Credit Card using the Customer Service hotline while I'm outside Singapore?
oversea_credit_activate,Are there any alternatives for activating my Credit Card if I'm currently overseas?
request_fee_waiver,How do I request a fee waiver for my account?
request_fee_waiver,Can I request a fee waiver through DBS digibot or Phone Banking?
request_fee_waiver,What are the hours when fee waiver requests are unavailable?
request_fee_waiver,How long does it take to receive a response to my fee waiver request?
request_fee_waiver,What happens if I don't have enough DBS Points for a fee waiver?
request_fee_waiver,Can I use DBS Points to request a fee waiver for Altitude Credit Card or DBS Vantage?
request_fee_waiver,Are there any terms and conditions I need to be aware of for fee waiver requests?
request_fee_waiver,Is there an alternative method to request a fee waiver besides the automated system?
request_fee_waiver,Will I receive confirmation of my fee waiver request via email or SMS?
request_fee_waiver,How soon will the DBS Points be reversed if I use them for a fee waiver?
retrieve_card_statement,How can I get my Card Statements?
retrieve_card_statement,What's the easiest way to retrieve my Card Statements?
retrieve_card_statement,Where can I find my Card Statements?
retrieve_card_statement,How do I access my Card Statements online?
retrieve_card_statement,Is there a digital platform to view my Card Statements?
retrieve_card_statement,What channels can I use to retrieve my Card Statements?
retrieve_card_statement,Can I check my Card Statements through the mobile app?
retrieve_card_statement,Where do I go to see my recent Card transactions?
retrieve_card_statement,Is there a link to access my Card Statements?
retrieve_card_statement,How can I view my Card Statements on digibank mobile?
terminate_card,How do I cancel my Card?
terminate_card,What's the process for cancelling my Card?
terminate_card,Can I terminate my Card through DBS digibot?
terminate_card,Where can I find information on cancelling my Card?
terminate_card,Is there a link to cancel my Card?
terminate_card,"How can I deactivate my Credit, Debit, or ATM Card?"
terminate_card,What steps do I need to take to cancel my Card?
terminate_card,Can I cancel my Card online?
terminate_card,Is there a digital platform to terminate my Card?
terminate_card,How do I terminate my Card using DBS digibot?
terminate_GIRO,How do I cancel my GIRO arrangement?
terminate_GIRO,Can I terminate my GIRO setup online?
terminate_GIRO,What's the process for ending a GIRO arrangement?
terminate_GIRO,Is there a way to stop GIRO payments through digibank Online?
terminate_GIRO,Where can I find information on terminating my GIRO setup?
terminate_GIRO,Can I deactivate GIRO arrangements on digibank Mobile?
terminate_GIRO,How can I remove a GIRO arrangement from my account?
terminate_GIRO,What steps do I need to take to terminate GIRO payments?
terminate_GIRO,Is there a digital platform to cancel GIRO arrangements?
terminate_GIRO,How do I terminate GIRO via digibank Online?
card_upgrade_gold_platinum,How can I upgrade my card from Gold to Platinum?
card_upgrade_gold_platinum,Is it possible to switch from Gold to Platinum?
card_upgrade_gold_platinum,What's the process for upgrading my card?
card_upgrade_gold_platinum,Can I upgrade my Visa to Visa Platinum?
card_upgrade_gold_platinum,How do I request an upgrade from Gold to Platinum?
card_upgrade_gold_platinum,What documents do I need to provide for a card upgrade?
card_upgrade_gold_platinum,Is there a specific form I need to fill out for an upgrade?
card_upgrade_gold_platinum,Can I upgrade my card by writing to you?
card_upgrade_gold_platinum,How long does it take to get approval for a card upgrade?
card_upgrade_gold_platinum,When can I expect to receive my new card after the upgrade is approved?
credit_card_payment,What does the credit card payment feature on digibank app do?
credit_card_payment,Can I use digibank app to pay my credit card bills?
credit_card_payment,What's the purpose of credit card payment option on digibank app?
credit_card_payment,Does the digibank app support credit card payments?
credit_card_payment,How do I make credit card payments using digibank app?
credit_card_payment,Can I pay credit card bills from other banks using digibank app?
credit_card_payment,Is the credit card payment function on digibank app for DBS cards only?
credit_card_payment,What cards can I pay using the credit card payment option on digibank app?
credit_card_payment,Is it possible to settle credit card dues from different banks on digibank app?
credit_card_payment,Where can I find the credit card payment feature on digibank app?
digibank_app_card_payment,Can I use digibank app to pay credit card bills from any bank?
digibank_app_card_payment,Which banks' credit cards can I pay through digibank app?
digibank_app_card_payment,Is it possible to make credit card payments for all banks using digibank app?
digibank_app_card_payment,Can I settle credit card dues from other banks on digibank app?
digibank_app_card_payment,Which all banks' credit card payments are supported on digibank app?
digibank_app_card_payment,Is there a list of banks whose credit cards can be paid via digibank app?
digibank_app_card_payment,How do I know if I can pay a particular bank's credit card through digibank app?
digibank_app_card_payment,Is the credit card payment option on digibank app restricted to DBS cards only?
digibank_app_card_payment,Can I check the list of banks for credit card payments on digibank app?
digibank_app_card_payment,Where can I find information about which banks' credit cards I can pay through digibank app?
credit_card_payment_reflect,When will my credit card payment show up in my account?
credit_card_payment_reflect,How long does it usually take for credit card payments to reflect?
credit_card_payment_reflect,Can you tell me the timeframe for payment to appear in my credit card account?
credit_card_payment_reflect,What's the typical processing time for credit card payments to show?
credit_card_payment_reflect,How much time does it take for payments to be reflected on my credit card statement?
credit_card_payment_reflect,When can I expect my credit card payment to be updated in my account?
credit_card_payment_reflect,Is there a specific time frame for credit card payments to be processed?
credit_card_payment_reflect,Can you explain when I can expect to see my payment reflected in my credit card account?
credit_card_payment_reflect,What's the turnaround time for credit card payments to appear on my account?
credit_card_payment_reflect,How soon after making a payment will it be reflected in my credit card statement?
credit_card_payment_processing,Why does it take 3 days for processing payments?
credit_card_payment_processing,Can you explain the 3-day processing time?
credit_card_payment_processing,Why is there a 3-day processing period?
credit_card_payment_processing,What's the reason behind the 3-day processing timeframe?
credit_card_payment_processing,Can you clarify why it takes 3 working days for processing?
credit_card_payment_processing,Why the need for a 3-day processing period?
credit_card_payment_processing,Can you provide more information on the 3-day processing delay?
credit_card_payment_processing,What causes the 3-day processing delay?
credit_card_payment_processing,Why is there a 3-working-day processing timeline?
credit_card_payment_processing,Can you elaborate on the reasons for the 3-day processing duration?
credit_card_payment_maximum_limit,Is there a maximum limit for processing transactions?
credit_card_payment_maximum_limit,What's the maximum amount I can process in a transaction?
credit_card_payment_maximum_limit,Can you tell me the limit for processing transactions?
credit_card_payment_maximum_limit,Is there a cap on the transaction processing limit?
credit_card_payment_maximum_limit,What's the maximum amount allowed for transaction processing?
credit_card_payment_maximum_limit,Can you clarify the maximum limit for processing transactions?
credit_card_payment_maximum_limit,Is there a restriction on how much I can process in a transaction?
credit_card_payment_maximum_limit,Can you explain if there's a maximum limit for transaction processing?
credit_card_payment_maximum_limit,What's the highest amount I can process in a single transaction?
credit_card_payment_maximum_limit,Can you provide information on the transaction processing limit?
credit_card_pay_outstanding,How do I settle my credit card outstanding using digibank?
credit_card_pay_outstanding,Can I make credit card payments on digibank?
credit_card_pay_outstanding,What's the process for paying my credit card bill through digibank?
credit_card_pay_outstanding,Is it possible to clear my credit card dues via digibank?
credit_card_pay_outstanding,How can I use digibank to pay off my credit card balance?
credit_card_pay_outstanding,Can I transfer funds to pay my credit card bill on digibank?
credit_card_pay_outstanding,What's the method for making credit card payments through digibank?
credit_card_pay_outstanding,Is there an option to pay my credit card outstanding with digibank?
credit_card_pay_outstanding,Can I manage my credit card payments through digibank?
credit_card_pay_outstanding,How do I access the feature to pay my credit card bill on digibank?
account_suspended,Why has my account been suspended?
account_suspended,Can you explain why my account(s) are suspended?
account_suspended,What's the reason for my account(s) being suspended?
account_suspended,Why am I unable to access my account(s)?
account_suspended,Can you clarify why my account(s) have been suspended?
account_suspended,What caused the suspension of my account(s)?
account_suspended,Is there a specific reason for the suspension of my account(s)?
account_suspended,Why have my accounts been temporarily blocked?
account_suspended,Can you provide information on the suspension of my account(s)?
account_suspended,What led to the suspension of my account(s)?
total_outstanding_balance,How is my total outstanding balance calculated?
total_outstanding_balance,Can you explain how the total outstanding balance is determined?
total_outstanding_balance,What factors contribute to the total outstanding balance?
total_outstanding_balance,How do you derive the total outstanding balance?
total_outstanding_balance,Is there a specific method for calculating the total outstanding balance?
total_outstanding_balance,Can you clarify what constitutes the total outstanding balance?
total_outstanding_balance,What is included in the total outstanding balance?
total_outstanding_balance,How do you determine the total outstanding balance on my account?
total_outstanding_balance,Can you provide information on how the total outstanding balance is calculated?
total_outstanding_balance,What makes up the total outstanding balance on my account?
reinstate_account,How can I reinstate my suspended account?
reinstate_account,What steps do I need to take to lift the suspension on my account?
reinstate_account,Can you tell me how to restore my suspended account?
reinstate_account,What should I do to reinstate my account after suspension?
reinstate_account,How do I lift the suspension on my account?
reinstate_account,Is there a process to follow to reinstate my account?
reinstate_account,Can you guide me on reinstating my account after suspension?
reinstate_account,What actions can I take to reactivate my suspended account?
reinstate_account,How do I go about restoring access to my suspended account?
reinstate_account,Can you provide instructions on reinstating my account?
reduce_credit_limit_by_bank,Can the Bank lower my credit limit without telling me first?
reduce_credit_limit_by_bank,Is it possible for the Bank to reduce my credit limit without notice?
reduce_credit_limit_by_bank,Can the Bank change my credit limit without informing me beforehand?
reduce_credit_limit_by_bank,Is there a chance my credit limit could be decreased without warning?
reduce_credit_limit_by_bank,Can the Bank revise my credit limit without prior notice?
reduce_credit_limit_by_bank,Is it within the Bank's rights to decrease my credit limit suddenly?
reduce_credit_limit_by_bank,Can my credit limit be adjusted by the Bank without giving me notice?
reduce_credit_limit_by_bank,Is there a possibility my credit limit might be lowered unexpectedly?
reduce_credit_limit_by_bank,Can the Bank reduce my credit limit without warning me in advance?
reduce_credit_limit_by_bank,Is there a chance my credit limit could be changed without prior notice?
my_preferred_payment-plans,What happens to my current instalment plans?
my_preferred_payment-plans,Will my existing balance transfers be affected?
my_preferred_payment-plans,What about my preferred payment plans?
my_preferred_payment-plans,Any changes to my current instalment arrangements?
my_preferred_payment-plans,Will my balance transfer plans stay the same?
my_preferred_payment-plans,How about my preferred payment options?
my_preferred_payment-plans,Can you tell me what will happen to my instalment plans?
my_preferred_payment-plans,Will my balance transfer arrangements be impacted?
my_preferred_payment-plans,What's the status of my preferred payment plans?
my_preferred_payment-plans,Can you clarify the situation with my existing payment arrangements?
debit_card_charges,What are the charges for DBS Debit Card?
debit_card_charges,Can you tell me the fees associated with DBS Debit Card?
debit_card_charges,How much does DBS Debit Card cost?
debit_card_charges,What's the frequency of charges for DBS Debit Card?
debit_card_charges,When are the charges for DBS Debit Card applied?
debit_card_charges,Can you clarify when DBS Debit Card charges are incurred?
debit_card_charges,When was the communication sent by the bank regarding these charges?
debit_card_charges,Can you provide information on the communication about DBS Debit Card charges?
debit_card_charges,When did DBS send out the notification about the charges for Debit Card?
debit_card_charges,What email address did DBS use to inform customers about the charges for Debit Card?
debit_card_GST,How much is the GST for the annual debit card charges?
debit_card_GST,Can you tell me the GST amount for the debit card charges?
debit_card_GST,What is the GST percentage for the debit card fees?
debit_card_GST,How do I calculate the GST on my debit card charges?
debit_card_GST,What's the total amount including GST for the annual debit card fees?
debit_card_GST,Can you clarify the GST component for the debit card charges?
debit_card_GST,What's the GST rate applied to the debit card charges?
debit_card_GST,How much GST do I need to pay for the annual debit card fees?
debit_card_GST,Is the GST amount included in the total debit card charges?
debit_card_GST,Can you explain how the GST is calculated for debit card fees?
debit_card_annual_fee,Will the annual charges for my debit card increase?
debit_card_annual_fee,Can I expect the annual fees to go up in the future?
debit_card_annual_fee,Are there any plans to raise the annual charges later on?
debit_card_annual_fee,Will the debit card fees be higher in the future?
debit_card_annual_fee,Can you tell me if there will be an increase in the annual charges?
debit_card_annual_fee,Are there any future plans to raise the annual debit card fees?
debit_card_annual_fee,Can I anticipate an increase in the annual charges?
debit_card_annual_fee,Will there be any changes to the annual fees in the future?
debit_card_annual_fee,Can you confirm if the annual charges will remain the same?
debit_card_annual_fee,Are there any intentions to hike the annual charges down the line?
debit_card_waiver,Why have I started being charged for debit card fees now?
debit_card_waiver,Can you explain why I'm being charged for debit card fees all of a sudden?
debit_card_waiver,I haven't been charged debit card fees before. Why now?
debit_card_waiver,What's the reason behind the sudden debit card charges?
debit_card_waiver,Can I request a waiver for the debit card charges?
debit_card_waiver,Is it possible to apply for a waiver on the debit card fees?
debit_card_waiver,Can you waive off the charges for my debit card?
debit_card_waiver,Are there any exemptions available for the debit card charges?
debit_card_waiver,Can I get the debit card charges waived due to being a long-time customer?
debit_card_waiver,Is there any way to avoid paying the debit card fees?
debit_card_replacement_fee,Will I be charged for all the debit cards I've used?
debit_card_replacement_fee,Do I have to pay charges for each debit card I've used?
debit_card_replacement_fee,Am I going to be billed for every debit card I've used?
debit_card_replacement_fee,Will I incur charges for multiple debit cards?
debit_card_replacement_fee,Do I need to pay extra for getting a replacement card?
debit_card_replacement_fee,Will there be an additional charge for a replacement card?
debit_card_replacement_fee,Am I going to be charged separately for replacement cards?
debit_card_replacement_fee,Do I have to pay extra for getting a new debit card?
debit_card_replacement_fee,Will there be charges for replacing my debit card?
debit_card_replacement_fee,Do I need to pay for all the replacement debit cards I've requested?
debit_card_charges,Will I still be charged if my card is blocked and unused?
debit_card_charges,Do I have to pay even if my card is blocked and not in use?
debit_card_charges,Am I going to be charged for a card I haven't used?
debit_card_charges,Will I incur charges if I haven't used my card?
debit_card_charges,Do I need to pay the annual fees if my card is inactive?
debit_card_charges,Will there be charges if my card is blocked and unused?
debit_card_charges,What happens if I haven't requested a replacement card yet?
debit_card_charges,Will I be charged if I haven't used or requested a new card?
debit_card_charges,Do I need to pay if my card is blocked and I haven't replaced it?
debit_card_charges,Am I still liable for charges if my card is inactive and blocked?
debit_card_international_usage_fee,Why should I pay charges if my digibank Debit Card isn't usable on all international websites?
debit_card_international_usage_fee,Can you explain why I need to pay fees if my digibank Debit Card doesn't work on all international sites?
debit_card_international_usage_fee,What's the reason for charging me if my digibank Debit Card isn't operational on every international website?
debit_card_international_usage_fee,Why am I being charged if my digibank Debit Card doesn't function on certain international websites?
debit_card_international_usage_fee,Can you justify the charges if my digibank Debit Card isn't accepted on all international sites?
debit_card_international_usage_fee,Why do I have to pay fees when my digibank Debit Card isn't fully functional internationally?
debit_card_international_usage_fee,What benefits do I get for the charges if my digibank Debit Card has limitations on international websites?
debit_card_international_usage_fee,Can you explain what I'm paying for if my digibank Debit Card isn't operational everywhere?
debit_card_international_usage_fee,Why should I continue paying if my digibank Debit Card isn't usable on certain international platforms?
debit_card_international_usage_fee,Can you clarify why I'm being charged despite limitations on using my digibank Debit Card internationally?
free_debit_card,Can I get additional features with my debit card?
free_debit_card,Are there any extra benefits included with my debit card?
free_debit_card,Can I upgrade my account for more debit card features?
free_debit_card,Is there an account option with a complimentary debit card?
free_debit_card,Can I get a free debit card with my account?
free_debit_card,Are there any account packages offering free debit cards?
free_debit_card,What other features can I get with my digibank Debit Card?
free_debit_card,Can I customize my debit card with additional features?
free_debit_card,Do you offer accounts with enhanced debit card benefits?
free_debit_card,How can I request additional features for my debit card?
debit_card_charges_feedback,How can I provide feedback about the annual debit card charges?
debit_card_charges_feedback,Is there a way to share my thoughts on the debit card fees?
debit_card_charges_feedback,Can I give feedback regarding the charges for my debit card?
debit_card_charges_feedback,Where can I send my comments about the annual fees?
debit_card_charges_feedback,How do I share my feedback about the debit card charges?
debit_card_charges_feedback,Can I express my opinions about the annual charges?
debit_card_charges_feedback,Where should I send my feedback about the debit card fees?
debit_card_charges_feedback,Is there a platform to voice my concerns about the charges?
debit_card_charges_feedback,How can I give my feedback on the debit card annual fees?
debit_card_charges_feedback,Can I provide feedback about the charges for my debit card?
debit_card_benefit,What perks come with the debit card?
debit_card_benefit,Can you tell me about the advantages of having the debit card?
debit_card_benefit,What benefits does the debit card offer?
debit_card_benefit,What are the features of the debit card?
debit_card_benefit,Could you explain the advantages of using the debit card?
debit_card_benefit,What privileges do I enjoy with the debit card?
debit_card_benefit,Can you elaborate on the benefits of having the debit card?
debit_card_benefit,What are the perks associated with the debit card?
debit_card_benefit,How does the debit card benefit me?
debit_card_benefit,Could you detail the advantages of using the debit card?
digibank_reward,Where can I find the rewards for digibank?
digibank_reward,Can you tell me about the perks of using digibank?
digibank_reward,What rewards are available with digibank?
digibank_reward,How can I access the latest offers with digibank?
digibank_reward,Where can I check for the deals and rewards with digibank?
digibank_reward,Can you provide information on the rewards program for digibank?
digibank_reward,How do I know what rewards I can get with digibank?
digibank_reward,Where can I find the current promotions and rewards with digibank?
digibank_reward,Can you guide me to the page for digibank rewards and offers?
digibank_reward,What kind of benefits can I expect from digibank?
visa_tap_pay,Can you explain what Visa Tap to Pay is?
visa_tap_pay,What exactly is Visa Tap to Pay?
visa_tap_pay,Could you tell me about the new Visa Tap to Pay feature?
visa_tap_pay,How does Visa Tap to Pay work?
visa_tap_pay,What does Visa Tap to Pay offer?
visa_tap_pay,Can you give me details on Visa Tap to Pay?
visa_tap_pay,What are the benefits of using Visa Tap to Pay?
visa_tap_pay,Could you elaborate on Visa Tap to Pay?
visa_tap_pay,How do I use Visa Tap to Pay?
visa_tap_pay,Can you provide more information about Visa Tap to Pay?
